language,label,sequence_id,num_frames,timestamp
Father,FATHER,a946ac5bcff7,63,1790515678.067296
Father,FATHER,7e8f7fd89b70,62,1790515691.0247908
Father,NOT_FATHER,fc387667a031,61,1790515699.9208374
Father,NOT_FATHER,f9cec1a004ce,59,1790515709.2184544
Father,NOT_FATHER,518f9bf0c867,62,1790515716.1462462
Father,NOT_FATHER,84c68a54e487,62,1790515723.6353455
Father,NOT_FATHER,a7bd4023f508,62,1790515731.63592
Father,NOT_FATHER,79a844ea1580,66,1790515737.859605
Father,NOT_FATHER,34d12d2ddbdd,68,1790515750.5653136
Father,FATHER,9525e420d8f9,62,1790515757.5680096
Father,FATHER,1445df72e539,61,1790515764.598279
Father,FATHER,56bc861411f6,61,1790515771.4812298
Father,FATHER,29a10ad76243,60,1790515952.729076
Father,FATHER,5edafce8d9b1,60,1790515959.5385118
Father,FATHER,6b7b19d40358,61,1790515968.0465567
Father,FATHER,31f08d8adddb,61,1790515975.2037003
Father,FATHER,75b235149835,62,1790515982.4646087
Father,FATHER,d1f7a883d811,59,1790515990.7841303
Father,FATHER,9ce83ccc34c8,64,1790515998.53669
Father,FATHER,94dc7df2d0bb,64,1790516005.422255
Father,FATHER,7f7b6b5c6cab,56,1790516011.7614045
Father,FATHER,78d6fcbc0190,68,1790516018.0253618
Father,FATHER,cf1302340d8d,61,1790516023.7904348
Father,FATHER,b705a1178184,61,1790516029.5156882
Father,FATHER,4f8d3bd245f9,64,1790516035.794871
Father,NOT_FATHER,bce594d92226,61,1790516042.0263772
Father,FATHER,648af0729032,62,1790516048.2480555
Father,FATHER,7ee628889255,61,1790516054.8217256
Father,FATHER,6c4ff9f6d246,60,1790516061.7474487
Father,FATHER,cd8fd9b466a3,63,1790516086.7930431
Father,FATHER,91bebb1848cb,63,1790516095.1606169
Father,FATHER,639b2c3c38a3,60,1790516100.9786713
Father,FATHER,d432961b1aab,59,1790516106.6120758
Father,FATHER,0cdf4d20b593,60,1790516112.7157087
Father,FATHER,e214844f4a73,63,1790516118.8817708
Father,FATHER,db5f9daaaaf1,61,1790516130.9729333
Father,FATHER,e2fd0f8976e8,62,1790516137.1958556
Father,FATHER,df8043026f2a,62,1790516143.7463353
Mother,MOTHER,c9569849e406,66,1790516337.1617608
Mother,MOTHER,caf36afd522c,72,1790516342.5845423
Mother,MOTHER,16242bd5d3cd,78,1790516348.1096017
Mother,MOTHER,9442d7c4aace,65,1790516353.7568436
Mother,MOTHER,96b596c60ed9,74,1790516359.3523498
Mother,MOTHER,88dc13244ed2,67,1790516365.5589511
Mother,MOTHER,ba0a214d1685,64,1790516371.1978657
Mother,MOTHER,e5bcbfacedaf,59,1790516376.7815006
Mother,MOTHER,966892a9b12b,61,1790516382.8996112
Mother,MOTHER,e787b986b65c,62,1790516388.6386175
Mother,MOTHER,b91c1156ebba,61,1790516394.3604088
Mother,NOT_MOTHER,4cb06f11c2ac,62,1790516400.8593192
Mother,NOT_MOTHER,1219b7b1e337,61,1790516407.0604992
Mother,MOTHER,fb2b1b037cb0,70,1790516412.6930406
Mother,MOTHER,39e5872811ee,77,1790516418.1915174
Mother,MOTHER,460593afbb7e,62,1790516424.421025
Mother,MOTHER,25460b3381f0,69,1790516430.6735477
Mother,MOTHER,47098126c57f,64,1790516436.4991853
A,A,f8ff5a304060,57,1790521341.764665
A,A,2881a44a3317,59,1790521347.191893
A,A,f53d04ef211f,59,1790521352.6300762
A,A,7036d1e79815,57,1790521358.4485683
A,A,42637305b5fb,60,1790521363.8639014
A,A,6953c419a98c,61,1790521369.1205158
A,A,c57dacedd2ce,59,1790521374.4965746
A,A,41cb895f674d,61,1790521380.1994424
A,A,c3ae7c7aa982,60,1790521385.742433
A,NOT_A,955376734632,59,1790521392.1092165
A,NOT_A,755cf69569ae,61,1790521398.9620209
A,NOT_A,331fc4707ce3,59,1790521404.2031362
A,NOT_A,db9d6ba4fd02,60,1790521409.5980859
A,A,1592fb104ccc,61,1790521448.8553252
A,NOT_A,46fa35839c8d,62,1790521460.7931662
A,A,c14411430165,64,1790521468.8955371
A,A,c679b048b95c,57,1790521511.22239
R,R,5df5fc3c06f3,63,1790522014.064213
R,R,3b101d75c7fc,66,1790522019.4667993
R,R,a1d6f804f6c9,63,1790522025.024373
R,R,fe3a6c3f9f27,64,1790522030.5832384
R,R,045c78b0766f,64,1790522036.086019
R,R,f7c2d828cd90,58,1790522041.3524504
R,R,19fc1d428681,64,1790522046.8218956
R,R,76aa7f323798,63,1790522052.225433
R,R,882538e2968f,61,1790522057.6781578
R,R,07d49f97b9d9,61,1790522063.1525865
R,R,d9a9a71c67d7,63,1790522068.57377
R,NOT_R,bc278d2d5e08,62,1790522078.6852612
R,NOT_R,71e2cdc9b30e,41,1790522082.484093
R,NOT_R,ecac24328c48,37,1790522088.4058192
R,NOT_R,5eeb46d55863,54,1790522096.1827686
R,NOT_R,3dc4085c4fc4,38,1790522103.0432725
R,NOT_R,1bc2448a7853,22,1790522105.7062378
R,NOT_R,7fe7d6d1b47e,14,1790522107.553852
R,NOT_R,d43bb393a563,22,1790522111.232689
R,NOT_R,cc26f3d2dd46,32,1790522115.1865277
R,NOT_R,8c9232974817,62,1790522121.8836653
R,R,44f0d7bd8953,54,1790522135.1875637
S,S,ad217b133664,63,1790522429.7180655
S,S,e60353d230ab,62,1790522435.3259664
S,S,a96be1d2e21e,31,1790522439.6990082
S,S,e7218da76025,16,1790522442.491803
S,S,93f196f62379,13,1790522443.709304
S,S,b746de6a5b4c,16,1790522445.2827895
S,S,576a7ff9e138,15,1790522446.8569493
S,S,11ed6b4e7098,16,1790522448.3193693
S,S,ede4b31e73be,19,1790522450.0838559
S,S,8179afc21f05,15,1790522451.4957619
S,S,e5332fa73897,17,1790522453.007908
S,S,458731cfcecf,15,1790522454.7944653
S,S,4c46f1c97290,22,1790522456.693372
S,S,21c432e02be8,12,1790522458.213762
S,S,4407ccb53314,17,1790522460.691384
S,S,fe68990ec11a,18,1790522463.0649176
S,NOT_S,0c85c27958e5,23,1790522466.390929
S,NOT_S,a45098d06531,17,1790522468.3502061
S,NOT_S,9e5549ff9679,19,1790522471.3497608
S,NOT_S,a65d1b2b542a,16,1790522473.371591
S,NOT_S,f12ed9460979,16,1790522475.6587973
S,NOT_S,7479a602de77,17,1790522477.8874912
S,NOT_S,168c35d7c45f,20,1790522480.0464642
S,NOT_S,ae5953191eb4,21,1790522482.1659374
S,NOT_S,033434c419c4,21,1790522484.7221503
S,NOT_S,3b6b4a956370,23,1790522487.4301212
S,S,715246847a2b,32,1790522491.6476426
S,NOT_S,c74adbdac734,63,1790522497.274148
S,S,c8d67f26721a,16,1790522506.5971465
S,S,266251467ea9,19,1790522508.308416
S,S,ba7ce06bcdeb,21,1790522510.4084094
S,S,61438635d7e0,20,1790522512.5857964
S,NOT_S,1c0ba977d4a5,29,1790522515.8242288
S,NOT_S,47bd2bdc819f,23,1790522518.2105548
My,MY,8f2683443fb0,39,1790534568.4430869
My,MY,e19d6e566348,15,1790534570.0225158
My,MY,4ff096f1acdb,21,1790534572.622871
My,MY,b4d0332bd8c8,22,1790534574.5036685
My,MY,121c0303951a,13,1790534575.661781
My,MY,d650508507e3,44,1790534580.584234
My,MY,80eea82a5a27,13,1790534581.963436
My,MY,a7e758743b2c,29,1790534585.3651671
My,MY,6f2aab6259d2,21,1790534587.412724
My,MY,473bd7939ed9,28,1790534589.798346
My,MY,4cb33842253b,26,1790534592.0556047
My,MY,b3af06d3fec2,31,1790534594.8035195
My,MY,3fd3b9a953b1,60,1790534599.9232993
My,MY,f040882f4f22,64,1790534605.5765169
My,MY,1408963875c3,34,1790534608.9693003
My,MY,d16c0dc2b7fd,49,1790534613.1034882
My,MY,9a8d54f749bd,53,1790534617.7331843
My,MY,2f53ffbfedbf,14,1790534618.933714
My,MY,6bcdd3cc4862,27,1790534621.4310107
My,MY,c4bada039650,19,1790534623.495037
My,MY,89ee4bee8697,21,1790534625.2334218
My,NOT_MY,a62dc72427c1,64,1790534632.0801382
My,MY,4aba3df36b36,66,1790534638.7907574
My,MY,2a2e28ea60cd,41,1790534644.4272535
My,MY,0db0a50ae609,13,1790534645.6541457
My,MY,f39e77905f04,16,1790534647.7399778
Name,NAME,da13d782d172,58,1790534741.986883
Name,NAME,336935c40da2,55,1790534748.0683043
Name,NAME,0b861f3a9459,57,1790534754.039128
Name,NAME,3217ffc90ae0,58,1790534760.2982504
Name,NAME,ea50d7105011,61,1790534766.2955213
Name,NAME,5c45a8dd4064,60,1790534772.371072
Name,NAME,b327ec615268,59,1790534778.5317907
Name,NAME,6111f665a3bd,59,1790534784.813403
Name,NAME,ad87e6de8472,57,1790534791.5203059
Name,NAME,1918b0c0340d,59,1790534797.6531901
Name,NAME,4e51f6a6019e,58,1790534803.947954
A,A,26bb7b54dff6,60,1790535140.1621015
A,A,185c63532a1e,33,1790535143.8445346
A,A,96d51445ead7,29,1790535146.589085
A,A,c738d1d3b2f0,39,1790535149.8410997
A,A,ea111f707376,32,1790535152.8513584
A,A,4adf38d3c0c8,33,1790535155.829799
A,A,f4875d5b0c69,49,1790535160.2296205
A,A,2f57ca9c43a8,30,1790535163.1835613
A,A,fe800786f1ed,45,1790535167.257461
A,A,5642ea66f9ea,44,1790535171.1513808
A,A,5f604bce1a55,31,1790535173.9123573
A,A,ba198c639a35,32,1790535176.9546876
A,A,48d22f202d2e,34,1790535179.9084134
A,A,8788e3f99ec3,37,1790535183.371811
A,A,4e1fbf19dcdd,45,1790535187.1928334
A,A,74c9947f9b24,61,1790535192.390969
A,A,fff8d2cfe636,59,1790535199.1545408
A,A,912f5de03f67,61,1790535205.176694
A,A,179a13e8fa22,58,1790535210.8885942
A,A,6b264f64b6a9,58,1790535216.7445762
A,A,a57564a246e8,58,1790535221.9202178
A,A,a158e3baa464,26,1790535225.9970942
A,NOT_A,78c19490e803,60,1790535232.2858493
A,NOT_A,05da20cfcd9f,59,1790535238.5053263
A,NOT_A,ac2444ff0a43,57,1790535243.3016114
A,A,7397af426e85,59,1790535249.1503155
A,A,fbd615c425ed,60,1790535258.0260935
A,NOT_A,72d7ca3b853e,59,1790535268.1954033
A,NOT_A,362921eca675,57,1790535273.8903463
A,NOT_A,289434bafaac,59,1790535279.7276561
A,NOT_A,88c5bb3eaa0d,60,1790535285.9824936
A,NOT_A,2560ad108013,61,1790535291.418991
A,NOT_A,123ded062695,61,1790535299.2266169
A,NOT_A,b4457a0903dd,59,1790535304.9605827
A,NOT_A,78df7fc1323f,58,1790535310.3544402
A,NOT_A,29810209ed05,61,1790535322.5200138
A,A,72a5e6d031c4,59,1790535328.7319674
A,A,679b359e3b51,58,1790535334.1282752
A,A,6b12a8ecc719,58,1790535340.7903626
R,R,a209f831d064,56,1790535404.3240345
R,R,373f45480005,48,1790535409.7471826
R,R,05fff2e9504d,33,1790535412.9073298
R,R,c631931735d2,40,1790535416.5197153
R,R,a7c7ab0eb548,39,1790535420.0787313
R,R,a2877fa9a221,35,1790535423.2320006
R,R,b9ee1d6eb6fa,38,1790535426.854055
R,R,6bed5621912b,41,1790535430.7760308
R,R,4c4ecde3ee16,39,1790535434.4883173
R,R,be45467593cb,55,1790535439.4374282
R,R,3885b554ec3a,40,1790535443.1307366
R,R,beacc524319b,58,1790535453.2135758
R,R,a53b6dce3495,57,1790535459.1894073
R,NOT_R,e9d3bc9d85b6,57,1790535467.673941
R,NOT_R,28c8f4f61f95,55,1790535473.1406076
R,NOT_R,cc0434730577,57,1790535478.9578445
R,NOT_R,fea900e2a2bb,51,1790535487.7304347
R,NOT_R,872d8af37220,34,1790535492.0834246
R,R,fa01c87a4543,59,1790535502.589072
R,R,bd52216de14e,58,1790535507.659604
R,R,93108a76ab47,55,1790535513.661458
R,NOT_R,3064166c965c,61,1790535519.6473813
S,S,04b68d4401a1,61,1790535603.7040055
S,S,d85acf24196a,59,1790535609.1305137
S,S,d3dfdfac53f6,58,1790535614.5633636
S,S,b2400493ca21,61,1790535620.063879
S,S,baa1f841e11e,63,1790535625.4413393
S,S,fd184db7fcc9,57,1790535631.2549949
S,S,d82e65b99843,59,1790535636.7771113
S,S,40b7c42661af,61,1790535642.3120916
S,NOT_S,f7611e369d57,60,1790535649.751182
S,NOT_S,be2a75842fc3,58,1790535655.1570482
S,NOT_S,362020f3d7bc,58,1790535660.7919855
S,S,a3523da442ab,61,1790535666.9983172
S,S,2be19f6b6b74,63,1790535672.9058082
S,NOT_S,cd780a4d0144,58,1790535683.9486227
S,NOT_S,fb6231b415fd,61,1790535689.4216099
S,NOT_S,853a826520c5,59,1790535694.9218326
S,NOT_S,bdbbb88c8070,60,1790535700.4949217
S,S,3c17d1301fbe,59,1790535713.194409
S,S,a976e5388fda,57,1790535719.7323112
L,L,cc3d40691c4c,55,1790535977.504259
L,L,e62515424ddd,18,1790535979.156016
L,L,c854b7518d7d,11,1790535980.8782272
L,L,7e377fabb907,16,1790535982.4447253
L,L,c019e8c5376b,32,1790535990.6714878
L,L,216ba3d39708,27,1790535993.2068024
L,L,e967c277ea35,20,1790535995.1783154
L,L,f61c0e80db72,28,1790535997.7974188
L,L,37623eb7f9d5,27,1790536000.484002
L,L,6a3d07f9f965,60,1790536005.648757
L,L,85f4fb155e5a,56,1790536011.2508895
L,L,9ad198f0f989,49,1790536015.9000044
L,L,60261c8fd346,49,1790536020.458847
L,L,e4bab5b203dc,59,1790536025.6209972
L,L,3f980ee9fdcf,61,1790536031.343062
L,L,edd9f9fd3f22,55,1790536039.1763754
L,NOT_L,59c5947a865c,32,1790536042.8612323
L,NOT_L,8793bed58c18,13,1790536044.5659006
L,NOT_L,d6ab30ac989f,17,1790536046.1096222
L,NOT_L,5ea5254c88de,15,1790536047.5571032
L,NOT_L,be8ad5c39e17,28,1790536050.0399146
L,NOT_L,6ac393e9518a,19,1790536052.6602144
L,NOT_L,90cc6560a34d,18,1790536054.3998446
L,NOT_L,52a4da6fa874,21,1790536056.2994678
L,NOT_L,35ba54a3c01d,26,1790536058.7258759
L,NOT_L,e71631b7ff98,24,1790536060.9816217
L,NOT_L,40c29d5c1daa,19,1790536062.692026
L,L,d42fd8877aec,30,1790536066.0822196
L,L,c6e2edd16c49,34,1790536069.130797
L,L,9e12e4f83f8f,31,1790536071.9812195
L,L,47a69954d1bb,24,1790536074.1146245
L,L,50eca270fd62,20,1790536075.9682343
L,L,109dd11cc4fe,22,1790536077.9629896
N,N,9265d2013f84,46,1790536189.5501244
N,N,c8fd4b262721,26,1790536192.0599906
N,N,01377fe6b52b,30,1790536194.7786033
N,N,cfc1bb9d78c5,36,1790536198.0372686
N,N,1445c250dfd9,33,1790536201.065271
N,N,0d331847ac8e,34,1790536204.0021107
N,N,2cf65cf05c32,32,1790536206.955153
N,N,3f8bea2cde9e,53,1790536211.774522
N,N,1a9985e71961,45,1790536215.84482
N,N,1df3bf408739,44,1790536219.8791554
N,N,fb6e6a3c10ae,49,1790536224.306468
N,N,06efec5d448f,33,1790536227.2981927
N,N,3b406ddaf5ad,45,1790536231.4087749
N,N,942df87328d4,51,1790536236.1039426
N,N,cef9682ddb74,57,1790536241.399497
N,N,9acdeff0c4cf,59,1790536247.4646778
N,N,d6ea2dfa9a78,44,1790536252.3254485
N,N,cb58c095c3bf,49,1790536256.9669943
N,NOT_N,53d694a1429c,59,1790536265.5920937
N,NOT_N,417782c3878b,43,1790536269.805101
N,NOT_N,69c23f30fc93,47,1790536273.9349058
N,NOT_N,57089119562d,35,1790536277.0257099
N,NOT_N,97fb15954cdb,39,1790536280.5576248
N,NOT_N,bb6f7ec3f76b,37,1790536283.9001896
N,NOT_N,39d7d3e16be2,36,1790536287.1366858
N,NOT_N,2e5cc061e222,23,1790536289.368196
N,N,b195bc4e05ba,39,1790536294.7287226
N,N,9e623720aa2c,40,1790536298.350098
N,N,3a220962aba0,46,1790536302.235377
N,N,f1cdd3d638a1,61,1790536307.447424
N,N,66c99ed57317,34,1790536310.7197716
N,N,589bfbd2cb40,30,1790536314.1162415
N,N,93bc0d6662e5,61,1790536568.6035693
N,N,049a0cca83dd,58,1790536575.1500974
N,N,fef3f70daa51,57,1790536581.4163957
N,N,a883da1409ea,59,1790536587.7365294
N,N,8d439324b41e,60,1790536593.7076771
N,N,05146db866fe,61,1790536599.8656445
N,N,b29ae1de8dbf,59,1790536637.072843
N,N,622e408fbf2d,60,1790536650.3615818
N,N,0f2d2ceb0bde,58,1790536655.843189
N,N,45983eda916b,59,1790536664.9223669
N,N,e8f82b68cf02,63,1790536671.6525757
N,N,ea52c91d487a,59,1790536677.2476974
N,N,b1131998ddff,58,1790536682.8942163
N,N,073b602c3447,58,1790536689.4873345
N,N,c5e586cf4acb,56,1790536695.9714835
N,N,7769b574d068,60,1790536702.286357
N,N,ec7c429ca7dd,61,1790536712.8668997
N,N,2a81a5094155,59,1790536725.243848
N,NOT_N,96d12254c852,57,1790536734.448016
N,NOT_N,967e4b83a22d,58,1790536740.2958632
N,NOT_N,43364956771c,60,1790536746.2690334
N,NOT_N,917b69c77e46,56,1790536751.9395552
N,NOT_N,e4a8f0d1e6c4,58,1790536758.8392632
N,NOT_N,285113cb7028,59,1790536775.4214563
S,S,066cdcd57948,62,1790536997.5472667
S,S,e77e9c4211eb,59,1790537003.548316
S,S,da6693094eee,63,1790537009.204037
S,S,2124e21557da,60,1790537014.7056954
S,S,bc1d2c906a4c,63,1790537020.3674567
S,S,0a47a11b8d56,61,1790537026.291732
S,S,803cf0849e19,62,1790537032.7800074
S,S,9b5009a58473,60,1790537038.593178
S,S,aac144c56f17,59,1790537044.2586486
S,S,b49547eef7cd,62,1790537050.6823323
S,S,d1fda635f237,65,1790537086.2052333
S,S,5d8f52b02bee,71,1790537093.199776
S,S,fe940c1768b0,65,1790537099.5255072
S,S,d36919be3b63,64,1790537107.5626605
S,S,8a21e84f4a4a,57,1790541521.2534392
S,S,0a00efeec3cb,42,1790541525.509177
S,S,066a539f4d41,32,1790541528.7093127
S,S,769ccb5f4837,33,1790541531.8682218
S,S,e3706a2314e3,48,1790541536.6687803
S,S,635e7265f968,54,1790541541.7663672
S,S,6a724b20788e,58,1790541546.9981446
S,S,0d14f83aa6aa,55,1790541552.9146514
S,S,c6b3290bd125,43,1790541558.397429
S,S,5544ebc27ea7,56,1790541563.665722
S,S,b70ffe405a48,56,1790541569.104082
S,S,b04a58d89520,56,1790541575.0854259
S,S,a5946a0f89f2,59,1790541580.783382
S,S,d7f827d8d69c,51,1790541585.986434
S,S,c23b71be2a82,45,1790541590.1705587
S,S,a786f38762c5,54,1790541595.3280914
S,S,d7d9dada7611,53,1790541600.2510767
S,S,64cd30ed234a,59,1790541605.45695
S,S,52eeb324eb14,57,1790541611.0886326
S,S,7d715a8e7b7c,58,1790541616.8039665
S,S,d6d2d896e340,57,1790541622.43822
S,S,352f8d5734cc,59,1790541628.3983247
S,NOT_S,8ba8e26c7660,59,1790541642.1327293
S,NOT_S,9c8df14ea5da,57,1790541647.5594833
S,NOT_S,8909c274586d,58,1790541653.2503076
S,NOT_S,beff70717464,59,1790541658.8915477
S,NOT_S,d3133c46ed1e,59,1790541664.317982
S,NOT_S,affd8774ba98,55,1790541670.4694607
S,S,b65efe0c4e9e,56,1790541676.692573
S,S,d09c1dc63a1b,58,1790541683.8111062
S,S,af72262bca5b,57,1790541692.9565187
S,S,edc532c16caf,45,1790541696.6360884
S,S,c231ff468a7b,37,1790541699.8293312
S,S,7e3ba987bf52,44,1790541703.5412824
S,S,0fe1109be517,38,1790541707.5217218
S,S,bbd211054c86,52,1790541712.196094
S,NOT_S,e121033b749c,58,1790541731.6096685
S,NOT_S,5d2989f0ea38,39,1790541735.3119872
S,NOT_S,fab81763b916,36,1790541738.7466378
S,NOT_S,e2d6c295ef55,57,1790541743.6137862
S,NOT_S,b33d41c89cdf,42,1790541772.8727736
S,NOT_S,3086d173fbdc,25,1790541775.2448475
S,NOT_S,5bae9be736e1,33,1790541779.6587925
S,NOT_S,e179010f7704,53,1790541784.2049987
S,NOT_S,9c4b9be003a2,58,1790541788.9509668
S,NOT_S,52356809bdf4,45,1790541792.6305768
S,S,27214b9d33e6,58,1790541798.9840336
S,S,090dbb4d3ff2,43,1790541803.2607036
N,N,3dbcdebd65bb,59,1790542151.0617654
N,N,354ec606068d,55,1790542156.4590743
N,N,8347da520e5d,56,1790542161.7999353
N,N,788562976d66,58,1790542167.4682415
N,N,be4be52b049c,55,1790542173.0945344
N,N,765a30bb15e9,57,1790542178.7257378
N,N,4a7e0e6f22d0,56,1790542183.8506715
N,N,9066c5a1c0ff,57,1790542189.4466696
N,N,659d2a713ab2,55,1790542194.9328284
N,NOT_N,43e778acaf5a,56,1790542200.939015
N,NOT_N,67caa8f2c7e7,45,1790542205.2888005
N,NOT_N,17cea86d4491,40,1790542209.1408904
N,NOT_N,e6a44959601a,45,1790542213.6241264
N,NOT_N,434149b78004,56,1790542218.8957524
N,NOT_N,eb1b0d2dcc70,24,1790542221.5805151
N,N,4391e8a3738a,57,1790542228.420997
N,NOT_N,8597ea5fc354,57,1790542234.8600547
N,NOT_N,62d366919bef,55,1790542240.285544
N,NOT_N,5bf4e0f4984f,56,1790542245.773975
N,NOT_N,63b2e27e5d6a,55,1790542251.362967
N,NOT_N,1fa470517c94,55,1790542256.8437622
N,NOT_N,2be21aba6b08,55,1790542262.1958132
N,NOT_N,0e5d0cc52de1,55,1790542267.4001186
N,NOT_N,40726c5b8794,54,1790542273.0882423
N,N,bc65098fdfdf,56,1790542279.6720247
N,N,3d4c6027a9a2,62,1790542285.1898265
N,N,7711bcbc4715,60,1790542290.604608
N,N,86828276780c,63,1790542299.3051846
N,N,c2ced47b27bd,55,1790542305.5684867
N,N,d36e19594cf7,55,1790542312.2376556
N,N,e0ea81071534,54,1790542318.6569066
N,N,bc86beee66a4,59,1790542324.6301203
N,NOT_N,6a5bb297aea3,61,1790542331.2315252
N,NOT_N,c82fe84c98b4,58,1790542337.8004382
N,NOT_N,4444e8ee7f35,56,1790542343.3469038
N,NOT_N,8d2920640a74,60,1790542348.8803253
N,NOT_N,07ce403b59b2,60,1790542354.2667496
N,NOT_N,3182a81e606e,57,1790542360.1300337
N,NOT_N,48a889968456,59,1790542365.6100602
N,N,331f1015f997,57,1790542372.4486454
A,A,6ef64a520388,61,1790542432.7343323
A,A,31abe6893b66,58,1790542438.1085587
A,A,c91dd4958ed3,56,1790542444.318469
A,A,e767b1bf9695,57,1790542450.0142472
A,A,7a07d1b53b17,57,1790542455.4759955
A,A,155ce03618c9,54,1790542461.0502691
A,NOT_A,d0b47497b161,58,1790542467.376897
A,NOT_A,f6d6fe72be0b,57,1790542472.9174972
A,NOT_A,6d7aaa660c8f,55,1790542478.3989725
A,NOT_A,483a37f36e56,55,1790542484.907222
A,A,10190215a615,56,1790542491.005985
A,A,89969f503b17,56,1790542496.4315338
A,A,df2a4d691df8,56,1790542501.9425902
A,A,fa9a178eeb60,56,1790542507.2809706
Hello,HELLO,22404dc0e8cd,41,1790543061.2909093
Hello,HELLO,7c7933768b68,10,1790543062.3397048
Hello,HELLO,55ee77941e44,10,1790543064.267247
Hello,HELLO,7b153ed5f908,44,1790543068.4507918
Hello,HELLO,fc8874e0f038,27,1790543071.037184
Hello,HELLO,9e62c6718be9,27,1790543073.4021652
Hello,HELLO,70bbeae6b6f0,30,1790543076.1511223
Hello,HELLO,8ee24f90c0a4,29,1790543081.6058211
Hello,HELLO,7f20f4f839bf,24,1790543083.8881018
Hello,HELLO,d28120e0e827,11,1790543085.135435
Hello,HELLO,710ceb1f5621,46,1790543089.467328
Hello,HELLO,f5ea93b514cd,16,1790543091.0325556
Hello,HELLO,e9d1d0d86211,20,1790543093.0172646
Hello,HELLO,127bf1eeb04f,19,1790543094.955271
Hello,HELLO,faf34236bb29,22,1790543097.0126877
Hello,HELLO,97f8ffd9fead,29,1790543099.7690802
Hello,HELLO,8507c9e85bc6,39,1790543103.2709184
Hello,HELLO,766eb0135b12,60,1790543108.483211
Hello,HELLO,ac66335f0542,45,1790543113.0052664
Hello,HELLO,a3101c8ebed3,56,1790543118.1632578
Hello,HELLO,0308cc76cd8e,23,1790543121.320862
Hello,HELLO,d72a5b518ede,58,1790543126.5493364
Hello,HELLO,c91b5eb07f3f,64,1790543134.1711414
Hello,HELLO,c06a3fb95ae8,60,1790543146.4457834
Hello,NOT_HELLO,8db682fb5ed6,57,1790543155.9182765
Hello,NOT_HELLO,d46ef6c91db2,58,1790543161.4778485
Hello,HELLO,d3076919d7b9,59,1790543168.2284274
Hello,HELLO,2f29b2f088b6,59,1790543173.6566556
R,R,37b728a9f17e,56,1790543450.353599
R,R,5ce3dd999b83,51,1790543455.2458506
R,R,8bf28a457e59,56,1790543460.1803493
R,R,90270a2203e7,50,1790543464.6452632
R,R,55eeb7b79234,58,1790543469.9115882
R,R,593ce875abc1,59,1790543476.0746222
R,R,23910fd8cafb,57,1790543481.174968
R,R,989d97da1a83,58,1790543486.742902
R,R,9dccbb102b86,60,1790543492.883553
R,R,507e7093a270,59,1790543502.0810366
R,R,1ccd741549e2,58,1790543508.799662
R,NOT_R,62d76a751112,57,1790543518.2444599
R,NOT_R,280a9ee3f41e,59,1790543523.6855125
R,NOT_R,d314db9c8e8f,56,1790543529.3504333
R,NOT_R,53ebcd2c3c9e,60,1790543534.7850676
R,NOT_R,b7fa70e4b532,60,1790543541.1594207
R,NOT_R,d12d948c1dc0,61,1790543547.1520927
R,NOT_R,8044d3a31f4b,63,1790543553.4610019
R,R,fdce76658e14,59,1790543565.0434132
R,R,5824789fbb85,58,1790543570.4961982
R,R,be6c0d0a2ac4,62,1790543575.9509897
R,NOT_R,56ccf33d61aa,59,1790543584.07323
R,NOT_R,5525dda9dcc7,62,1790543590.5518746
R,NOT_R,a0620de89db8,58,1790543596.5485044
R,NOT_R,17eb7d950249,59,1790543612.3609812
R,R,0b3c73ff373c,57,1790543619.3805087
R,R,0db993654200,58,1790543624.7673151
L,L,bf1b5cbae04b,56,1790543678.3157442
L,L,9e0b0e91070f,57,1790543683.8325753
L,L,b1dc14795c56,57,1790543689.2959886
L,L,c914f52a1e4d,58,1790543694.8279774
L,L,520fdea7b69c,56,1790543700.1790245
L,L,ea164d7c6340,55,1790543705.5726726
L,L,c97c0aad7828,64,1790543711.0385437
L,NOT_L,6821bb6423d0,71,1790543716.9298637
L,NOT_L,809bffaeefa0,58,1790543722.2363958
L,NOT_L,d0355a052527,56,1790543728.0243962
L,NOT_L,b461ad5503ec,56,1790543733.2065969
L,NOT_L,1a478e6630b6,54,1790543738.3754866
L,NOT_L,32b3bd9e1c35,57,1790543744.396635
L,L,7d20d3baf3de,57,1790543750.21442
L,L,4a1a979ec77a,56,1790543755.4815185
A,A,22d0c7b86961,66,1790571011.1622055
A,A,91a4f7ac6566,63,1790571016.645651
A,A,0ed0ff86bd94,64,1790571021.8281562
A,A,fb476d08ee84,58,1790571027.9159777
A,A,c95858f7730e,51,1790571032.0073292
A,A,3f27139dcf10,49,1790571035.835251
A,A,8a3100382542,47,1790571039.6104944
A,A,98165193331a,47,1790571043.4673667
A,A,97b87d733436,48,1790571047.3914871
A,A,1ece503fefeb,55,1790571051.8890972
A,A,63a5879715a9,47,1790571056.0938892
